{"ticker": "spread", "AUD_CAD": 0.00023, "AUD_CHF": 0.00027, "AUD_HKD": 0.00143, "AUD_JPY": 0.01743, "AUD_NZD": 0.00029, "AUD_SGD": 0.00038, "AUD_USD": 0.00014, "AU200_AUD": 2.62636, "BCO_USD": 0.03187, "DE10YB_EUR": 0.02386, "CAD_CHF": 0.00024, "CAD_HKD": 0.00118, "CAD_JPY": 0.01828, "CAD_SGD": 0.00034, "CHF_HKD": 0.00209, "CHF_JPY": 0.02549, "CHF_ZAR": 0.01671, "CN50_USD": 9.61039, "XCU_USD": 0.00175, "CORN_USD": 0.01012, "EUR_AUD": 0.00025, "EUR_CAD": 0.00024, "EUR_CHF": 0.00018, "EUR_CZK": 0.0244, "EUR_DKK": 0.00118, "EUR_GBP": 0.00019, "EUR_HKD": 0.00154, "EUR_HUF": 0.38818, "EUR_JPY": 0.02103, "EUR_NOK": 0.00599, "EUR_NZD": 0.00039, "EUR_PLN": 0.00382, "EUR_SEK": 0.00556, "EUR_SGD": 0.00047, "EUR_TRY": 0.0198, "EUR_USD": 0.00014, "EUR_ZAR": 0.0169, "EU50_EUR": 1.19831, "FR40_EUR": 1.0244, "GBP_AUD": 0.00033, "GBP_CAD": 0.00032, "GBP_CHF": 0.00026, "GBP_HKD": 0.00195, "GBP_JPY": 0.02653, "GBP_NZD": 0.00048, "GBP_PLN": 0.00564, "GBP_SGD": 0.00057, "GBP_USD": 0.00017, "GBP_ZAR": 0.01989, "DE30_EUR": 2.25221, "XAU_USD": 0.43486, "XAU_AUD": 0.93187, "XAU_CAD": 0.83747, "XAU_CHF": 0.64849, "XAU_EUR": 0.50904, "XAU_GBP": 0.45239, "XAU_HKD": 3.95293, "XAU_JPY": 68.73455, "XAU_NZD": 1.10764, "XAU_SGD": 0.91289, "XAU_XAG": 0.08026, "HKD_JPY": 0.00254, "HK33_HKD": 5.03802, "IN50_USD": 3.01472, "JP225_USD": 7.74453, "NZD_CAD": 0.00029, "NZD_CHF": 0.00031, "NZD_HKD": 0.00177, "NZD_JPY": 0.023, "NZD_SGD": 0.00043, "NZD_USD": 0.00019, "NATGAS_USD": 0.00709, "NL25_EUR": 0.22661, "XPD_USD": 13.25829, "XPT_USD": 3.16915, "SGD_CHF": 0.00026, "SGD_JPY": 0.0253, "XAG_USD": 0.02335, "XAG_AUD": 0.03571, "XAG_CAD": 0.03391, "XAG_CHF": 0.02509, "XAG_EUR": 0.02158, "XAG_GBP": 0.01884, "XAG_HKD": 0.18942, "XAG_JPY": 2.87091, "XAG_NZD": 0.03986, "XAG_SGD": 0.03609, "SG30_SGD": 0.25489, "SOYBN_USD": 0.01813, "SUGAR_USD": 0.00027, "TRY_JPY": 0.03546, "TWIX_USD": 1.18085, "UK100_GBP": 1.31167, "UK10YB_GBP": 0.031, "USB10Y_USD": 0.026, "USB02Y_USD": 0.01412, "USB05Y_USD": 0.01815, "NAS100_USD": 1.47737, "US2000_USD": 0.37792, "SPX500_USD": 0.38066, "USB30Y_USD": 0.0429, "US30_USD": 1.87774, "USD_CAD": 0.00018, "USD_CHF": 0.00017, "USD_CNH": 0.00115, "USD_CZK": 0.01984, "USD_DKK": 0.00141, "USD_HKD": 0.00039, "USD_HUF": 0.37365, "USD_INR": 0.08753, "USD_JPY": 0.01427, "USD_MXN": 0.00786, "USD_NOK": 0.00587, "USD_PLN": 0.00306, "USD_SEK": 0.0048, "USD_SGD": 0.00023, "USD_THB": 0.07633, "USD_TRY": 0.01468, "USD_ZAR": 0.01221, "WTICO_USD": 0.03004, "WHEAT_USD": 0.01065, "ZAR_JPY": 0.01188}